model_name,vendor_name,formation_year,age_years,category,status,vendor_maturity,contextwindow_Context window tokens,contextwindow_Category,contextwindow_Source,contextwindow_Notes,latency_support_type,modality_Input modalities,modality_Output modalities,modelspecificity_LLM,modelspecificity_Classification,modelspecificity_Matched Keywords,sourcetype_Source type
Claude 3.7 Sonnet,Anthropic,2021,3,AI Research,Active,emerging,200000,large,https://www.anthropic.com/news/claude-3-5,"Anthropic official docs, June 2024",,"Text, Image","Text, Chat",Anthropic,Domain-Specific,,closed
Claude 3.5 Sonnet,Anthropic,2021,3,AI Research,Active,emerging,200000,large,https://www.anthropic.com/news/claude-3-5,"Anthropic official docs, June 2024",,"Text, Image","Text, Chat",Anthropic,Domain-Specific,,closed
Claude 3.5 Sonnet v2,Anthropic,2021,3,AI Research,Active,emerging,200000,large,https://www.anthropic.com/news/claude-3-5,"Anthropic official docs, June 2024",,"Text, Image","Text, Chat",Anthropic,Domain-Specific,,closed
Claude 3.5 Haiku,Anthropic,2021,3,AI Research,Active,emerging,200000,large,https://www.anthropic.com/news/claude-3-5,"Anthropic official docs, June 2024",,Text,"Text, Chat",Anthropic,Domain-Specific,,closed
Claude 3 Haiku,Anthropic,2021,3,AI Research,Active,emerging,200000,large,https://www.anthropic.com/news/claude-3,"Anthropic official docs, June 2024",,"Text, Image","Text, Chat",Anthropic,Domain-Specific,,closed
Claude 3 Opus,Anthropic,2021,3,AI Research,Active,emerging,200000,large,https://www.anthropic.com/news/claude-3,"Anthropic official docs, June 2024",,"Text, Image","Text, Chat",Anthropic,Domain-Specific,,closed
Claude 3 Sonnet,Anthropic,2021,3,AI Research,Active,emerging,200000,large,https://www.anthropic.com/news/claude-3,"Anthropic official docs, June 2024",,"Text, Image","Text, Chat",Anthropic,Domain-Specific,,closed
Claude Opus 4,Anthropic,2021,3,AI Research,Active,emerging,200000,large,https://www.anthropic.com/news/claude-3,"Anthropic official docs, June 2024",,"Text, Image","Text, Chat",Anthropic,Domain-Specific,,closed
Claude Sonnet 4,Anthropic,2021,3,AI Research,Active,emerging,200000,large,https://www.anthropic.com/news/claude-3,"Anthropic official docs, June 2024",,"Text, Image","Text, Chat",Anthropic,Domain-Specific,,closed
Claude 2.1,Anthropic,2021,3,AI Research,Active,emerging,100000,large,https://www.anthropic.com/news/claude-2,"Anthropic official docs, June 2024",,Text,"Text, Chat",Anthropic,Domain-Specific,,closed
Claude 2,Anthropic,2021,3,AI Research,Active,emerging,100000,large,https://www.anthropic.com/news/claude-2,"Anthropic official docs, June 2024",,Text,"Text, Chat",Anthropic,Domain-Specific,,closed
Claude Instant,Anthropic,2021,3,AI Research,Active,emerging,100000,large,https://www.anthropic.com/news/claude-2,"Anthropic official docs, June 2024",,Text,"Text, Chat",Anthropic,Domain-Specific,,closed
Claude,Anthropic,2021,3,AI Research,Active,emerging,100000,large,https://www.anthropic.com/news/claude-2,"Anthropic official docs, June 2024",,Text,"Text, Chat",Anthropic,Domain-Specific,,closed
Llama 3.1 405B Instruct,Meta,2004,20,Technology,Active,mature,unknown,unknown,unknown,No public info as of 2024-06; checked provider docs and web.,,Text,"Text, Chat",Meta,Domain-Specific,,open
Llama 3 8B Instruct,Meta,2004,20,Technology,Active,mature,8192,unknown,https://ai.meta.com/llama/,"Meta official docs, June 2024",,Text,"Text, Chat",Meta,Domain-Specific,,open
Llama 3 70B Instruct,Meta,2004,20,Technology,Active,mature,8192,unknown,https://ai.meta.com/llama/,"Meta official docs, June 2024",,Text,"Text, Chat",Meta,Domain-Specific,,open
Llama 3.1 8B Instruct,Meta,2004,20,Technology,Active,mature,8192,unknown,https://ai.meta.com/llama/,"Meta official docs, June 2024",,Text,"Text, Chat",Meta,Domain-Specific,,open
Llama 3.1 70B Instruct,Meta,2004,20,Technology,Active,mature,8192,unknown,https://ai.meta.com/llama/,"Meta official docs, June 2024",,Text,"Text, Chat",Meta,Domain-Specific,,open
Llama 3.2 1B Instruct,Meta,2004,20,Technology,Active,mature,unknown,unknown,unknown,No public info as of 2024-06; checked provider docs and web.,,Text,"Text, Chat",Meta,Domain-Specific,,open
Llama 3.2 3B Instruct,Meta,2004,20,Technology,Active,mature,unknown,unknown,unknown,No public info as of 2024-06; checked provider docs and web.,,Text,"Text, Chat",Meta,Domain-Specific,,open
Llama 3.2 11B Instruct,Meta,2004,20,Technology,Active,mature,unknown,unknown,unknown,No public info as of 2024-06; checked provider docs and web.,,"Text, Image","Text, Chat",Meta,Domain-Specific,,open
Llama 3.2 90B Instruct,Meta,2004,20,Technology,Active,mature,unknown,unknown,unknown,No public info as of 2024-06; checked provider docs and web.,,"Text, Image","Text, Chat",Meta,Domain-Specific,,open
Llama 3.3 70B Instruct,Meta,2004,20,Technology,Active,mature,unknown,unknown,unknown,No public info as of 2024-06; checked provider docs and web.,,Text,"Text, Chat",Meta,Domain-Specific,,open
Llama 4 Maverick 17B Instruct,Meta,2004,20,Technology,Active,mature,unknown,unknown,unknown,No public info as of 2024-06; checked provider docs and web.,,"Text, Image","Text, Chat",Meta,Domain-Specific,,open
Llama 4 Scout 17B Instruct,Meta,2004,20,Technology,Active,mature,unknown,unknown,unknown,No public info as of 2024-06; checked provider docs and web.,,"Text, Image","Text, Chat",Meta,Domain-Specific,,open
Mistral 7B Instruct,Mistral,2023,1,AI Research,Active,emerging,32000,unknown,https://docs.mistral.ai/models/,"Mistral official docs, June 2024",,Text,Text,Mistral AI,General-Purpose,instruct,unknown
Mistral Large (24.02),Mistral,2023,1,AI Research,Active,emerging,32000,unknown,https://docs.mistral.ai/models/,"Mistral official docs, June 2024",,Text,Text,Mistral AI,Domain-Specific,,unknown
Mistral Large (24.07),Mistral,2023,1,AI Research,Active,emerging,32000,unknown,https://docs.mistral.ai/models/,"Mistral official docs, June 2024",,Text,Text,Mistral AI,Domain-Specific,,unknown
Mistral Small (24.02),Mistral,2023,1,AI Research,Active,emerging,32000,unknown,https://docs.mistral.ai/models/,"Mistral official docs, June 2024",,Text,Text,Mistral AI,Domain-Specific,,unknown
Mixtral 8x7B Instruct,Mistral,2023,1,AI Research,Active,emerging,32000,unknown,https://docs.mistral.ai/models/,"Mistral official docs, June 2024",,Text,Text,Mistral AI,General-Purpose,instruct,unknown
Pixtral Large (25.02),Mistral,2023,1,AI Research,Active,emerging,unknown,unknown,unknown,No public info as of 2024-06; checked provider docs and web.,,"Text, Image",Text,Mistral AI,Domain-Specific,,unknown
Command Light,Cohere,2019,5,AI Research,Active,established,128000,large,https://docs.cohere.com/docs/models,"Cohere official docs, June 2024",,Text,Text,Cohere,Domain-Specific,,closed
Command R+,Cohere,2019,5,AI Research,Active,established,128000,large,https://docs.cohere.com/docs/models,"Cohere official docs, June 2024",,Text,"Text, Chat",Cohere,Domain-Specific,,closed
Command R,Cohere,2019,5,AI Research,Active,established,128000,large,https://docs.cohere.com/docs/models,"Cohere official docs, June 2024",,Text,"Text, Chat",Cohere,Domain-Specific,,closed
Command,Cohere,2019,5,AI Research,Active,established,128000,large,https://docs.cohere.com/docs/models,"Cohere official docs, June 2024",,Text,Text,Cohere,Domain-Specific,,closed
Embed English,Cohere,2019,5,AI Research,Active,established,unknown,unknown,unknown,No public info as of 2024-06; checked provider docs and web.,,Text,Embedding,Cohere,Task-Specific,embed,closed
Embed Multilingual,Cohere,2019,5,AI Research,Active,established,unknown,unknown,unknown,No public info as of 2024-06; checked provider docs and web.,,Text,Embedding,Cohere,Task-Specific,embed,closed
Rerank 3.5,Cohere,2019,5,AI Research,Active,established,unknown,unknown,unknown,No public info as of 2024-06; checked provider docs and web.,,Text,Text,Cohere,Task-Specific,rerank,closed
Stable Diffusion 3.5 Large,Stability,2020,4,AI Research,Active,emerging,,unknown,Image model - not applicable,Image model - context window not applicable,,"Text, Image",Image,Stability AI,Task-Specific,diffusion,open
Stable Image Core 1.0,Stability,2020,4,AI Research,Active,emerging,,unknown,Image model - not applicable,Image model - context window not applicable,,Text,Image,Stability AI,Task-Specific,image,open
Stable Image Ultra 1.0,Stability,2020,4,AI Research,Active,emerging,,unknown,Image model - not applicable,Image model - context window not applicable,,Text,Image,Stability AI,Task-Specific,image,open
SD3 Large 1.0,Stability,2020,4,AI Research,Active,emerging,,unknown,Image model - not applicable,Image model - context window not applicable,,"Text, Image",Image,Stability AI,Domain-Specific,,open
SDXL 1.0,Stability,2020,4,AI Research,Active,emerging,,unknown,Image model - not applicable,Image model - context window not applicable,,"Text, Image",Image,Stability AI,Domain-Specific,,open
Palmyra X4,Writer,2020,4,AI Research,Active,emerging,unknown,unknown,unknown,No public info as of 2024-06; checked provider docs and web.,,Text,Text,Writer,Domain-Specific,,unknown
Palmyra X5,Writer,2020,4,AI Research,Active,emerging,unknown,unknown,unknown,No public info as of 2024-06; checked provider docs and web.,,Text,Text,Writer,Domain-Specific,,unknown
Jamba 1.5 Large,AI21,2017,7,AI Research,Active,established,unknown,unknown,unknown,No public info as of 2024-06; checked provider docs and web.,,Text,"Text, Chat",AI21 Labs,Domain-Specific,,closed
Jamba 1.5 Mini,AI21,2017,7,AI Research,Active,established,unknown,unknown,unknown,No public info as of 2024-06; checked provider docs and web.,,Text,"Text, Chat",AI21 Labs,Domain-Specific,,closed
Jamba-Instruct,AI21,2017,7,AI Research,Active,established,unknown,unknown,unknown,No public info as of 2024-06; checked provider docs and web.,,Text,"Text, Chat",AI21 Labs,Domain-Specific,,closed
Nova Canvas,Amazon,1994,30,Technology,Active,mature,unknown,unknown,unknown,No public info as of 2024-06; checked provider docs and web.,,"Text, Image",Image,Amazon,Task-Specific,canvas,closed
Nova Lite,Amazon,1994,30,Technology,Active,mature,unknown,unknown,unknown,No public info as of 2024-06; checked provider docs and web.,,"Text, Image, Video",Text,Amazon,Domain-Specific,,closed
Nova Micro,Amazon,1994,30,Technology,Active,mature,unknown,unknown,unknown,No public info as of 2024-06; checked provider docs and web.,,Text,Text,Amazon,Domain-Specific,,closed
Nova Premier,Amazon,1994,30,Technology,Active,mature,unknown,unknown,unknown,No public info as of 2024-06; checked provider docs and web.,,"Text, Image, Video",Text,Amazon,Domain-Specific,,closed
Nova Pro,Amazon,1994,30,Technology,Active,mature,unknown,unknown,unknown,No public info as of 2024-06; checked provider docs and web.,,"Text, Image, Video",Text,Amazon,Domain-Specific,,closed
Nova Reel,Amazon,1994,30,Technology,Active,mature,unknown,unknown,unknown,No public info as of 2024-06; checked provider docs and web.,,"Text, Image",Video,Amazon,Task-Specific,reel,closed
Nova Sonic,Amazon,1994,30,Technology,Active,mature,unknown,unknown,unknown,No public info as of 2024-06; checked provider docs and web.,,Speech,"Speech, Text",Amazon,Domain-Specific,,closed
Rerank 1.0,Amazon,1994,30,Technology,Active,mature,unknown,unknown,unknown,No public info as of 2024-06; checked provider docs and web.,,Text,Text,Amazon,Task-Specific,rerank,closed
Titan Embeddings G1 - Text,Amazon,1994,30,Technology,Active,mature,unknown,unknown,unknown,No public info as of 2024-06; checked provider docs and web.,,Text,Embedding,Amazon,Task-Specific,"embed, embedding",closed
Titan Image Generator G1 v2,Amazon,1994,30,Technology,Active,mature,,unknown,Image model - not applicable,Image model - context window not applicable,,"Text, Image",Image,Amazon,Task-Specific,image,closed
Titan Image Generator G1,Amazon,1994,30,Technology,Active,mature,,unknown,Image model - not applicable,Image model - context window not applicable,,"Text, Image",Image,Amazon,Task-Specific,image,closed
Titan Multimodal Embeddings G1,Amazon,1994,30,Technology,Active,mature,unknown,unknown,unknown,No public info as of 2024-06; checked provider docs and web.,,"Text, Image",Embedding,Amazon,Task-Specific,"embed, embedding",closed
Titan Text Embeddings V2,Amazon,1994,30,Technology,Active,mature,unknown,unknown,unknown,No public info as of 2024-06; checked provider docs and web.,,Text,Embedding,Amazon,Task-Specific,"embed, embedding",closed
Titan Text G1 - Express,Amazon,1994,30,Technology,Active,mature,8192,unknown,https://docs.aws.amazon.com/bedrock/latest/userguide/model-parameters-titan-text-express.html,"AWS official docs, June 2024",,Text,"Text, Chat",Amazon,Domain-Specific,,closed
Titan Text G1 - Lite,Amazon,1994,30,Technology,Active,mature,8192,unknown,https://docs.aws.amazon.com/bedrock/latest/userguide/model-parameters-titan-text-lite.html,"AWS official docs, June 2024",,Text,Text,Amazon,Domain-Specific,,closed
Titan Text G1 - Premier,Amazon,1994,30,Technology,Active,mature,8192,unknown,https://docs.aws.amazon.com/bedrock/latest/userguide/model-parameters-titan-text-premier.html,"AWS official docs, June 2024",,Text,Text,Amazon,Domain-Specific,,closed
DeepSeek-R1,DeepSeek,2023,1,AI Research,Active,emerging,unknown,unknown,unknown,No public info as of 2024-06; checked provider docs and web.,,Text,Text,DeepSeek,Domain-Specific,,unknown
Ray v2,Luma,2021,3,AI Research,Active,emerging,unknown,unknown,unknown,No public info as of 2024-06; checked provider docs and web.,,Text,Video,Luma AI,Domain-Specific,,unknown
GPT-4,OpenAI,2015,9,AI Research,Active,established,,,,,,,,,,,
GPT-4 Turbo,OpenAI,2015,9,AI Research,Active,established,,,,,,,,,,,
GPT-3.5 Turbo,OpenAI,2015,9,AI Research,Active,established,,,,,,,,,,,
GPT-3,OpenAI,2015,9,AI Research,Active,established,,,,,,,,,,,
Gemini Pro,Google,1998,26,Technology,Active,mature,,,,,,,,,,,
Gemini Flash,Google,1998,26,Technology,Active,mature,,,,,,,,,,,
PaLM 2,Google,1998,26,Technology,Active,mature,,,,,,,,,,,
Phi-3,Microsoft,1975,49,Technology,Active,mature,,,,,,,,,,,
Phi-2,Microsoft,1975,49,Technology,Active,mature,,,,,,,,,,,
Nemotron-4,Nvidia,1993,31,Technology,Active,mature,,,,,,,,,,,
CodeLlama,Hugging Face,2016,8,AI Research,Active,established,,,,,,,,,,,
StarCoder,Hugging Face,2016,8,AI Research,Active,established,,,,,,,,,,,
